feature,importance
num__GPA,0.49586341392376204
num__Absences,0.2055470839519633
num__StudyTimeWeekly,0.08980351217204084
num__ParentalSupport,0.04339345041900122
num__Age,0.029575516165558136
num__ParentalEducation,0.02813859814316444
num__Ethnicity,0.026716945487803137
num__Tutoring,0.01689685269993443
num__Gender,0.015821865752786997
num__Extracurricular,0.015001774391333125
num__Sports,0.013431979263070614
num__Music,0.010172225669858037
num__Volunteering,0.009636781959723685
